{"cameraMode":{"drawMode":0,"name":"Shaded","section":"Shading Mode"},"sceneLighting":false,"audioPlay":false,"sceneViewState":{"showFog":true,"showMaterialUpdate":true,"showSkybox":false,"showFlares":true,"showImageEffects":true,"showParticleSystems":true},"in2DMode":false,"pivot":{"x":5.474220275878906,"y":-0.8410353660583496,"z":-6.207098484039307},"rotation":{"x":0.2439948469400406,"y":-0.24549520015716554,"z":0.06399333477020264,"w":0.9360119104385376},"size":6.668268203735352,"orthographic":false}