{"cameraMode":{"drawMode":0,"name":"Shaded","section":"Shading Mode"},"sceneLighting":false,"audioPlay":false,"sceneViewState":{"showFog":true,"showMaterialUpdate":false,"showSkybox":true,"showFlares":true,"showImageEffects":true,"showParticleSystems":true},"in2DMode":false,"pivot":{"x":0.3231949806213379,"y":0.6438246965408325,"z":-0.5033965110778809},"rotation":{"x":0.35363030433654787,"y":-0.015433602966368199,"z":0.005834726616740227,"w":0.9352418184280396},"size":23.040504455566408,"orthographic":false}